AAL;American Airlines Group, Inc.
AAME;Atlantic American Corporation
AAOI;Applied Optoelectronics, Inc.
AAON;AAON, Inc.
AAPL;Apple Inc.
AAXJ;iShares MSCI All Country Asia ex Japan Index Fund
ABCB;Ameris Bancorp
ACAD;ACADIA Pharmaceuticals Inc.
ACET;Aceto Corporation
ACFN;Acorn Energy, Inc.
ACGL;Arch Capital Group Ltd.
ACHC;Acadia Healthcare Company, Inc.
ACIW;ACI Worldwide, Inc.
ACLS;Axcelis Technologies, Inc.
ACNB;ACNB Corporation
ACST;Acasti Pharma, Inc.
ACTG;Acacia Research Corporation
ACUR;Acura Pharmaceuticals, Inc.
ACWI;iShares MSCI ACWI Index Fund
ACWX;iShares MSCI ACWI ex US Index Fund
ADBE;Adobe Systems Incorporated
ADI;Analog Devices, Inc.
ADMA;ADMA Biologics Inc
ADP;Automatic Data Processing, Inc.
ADSK;Autodesk, Inc.
ADTN;ADTRAN, Inc.
ADUS;Addus HomeCare Corporation
ADXS;Advaxis, Inc.
AEHR;Aehr Test Systems
AEIS;Advanced Energy Industries, Inc.
AFMD;Affimed N.V.
AGEN;Agenus Inc.
AGIO;Agios Pharmaceuticals, Inc.
AGNC;American Capital Agency Corp.
AGNCP;American Capital Agency Corp.
AGYS;Agilysys, Inc.
AGZD;WisdomTree Barclays U.S. Aggregate Bond Zero Duration Fund
AIQ;Alliance HealthCare Services, Inc.
AIRR;First Trust RBA American Industrial Renaissance ETF
AIRT;Air T, Inc.
AKAM;Akamai Technologies, Inc.
AKBA;Akebia Therapeutics, Inc.
ALCO;Alico, Inc.
ALDX;Aldeyra Therapeutics, Inc.
ALGN;Align Technology, Inc.
ALGT;Allegiant Travel Company
ALKS;Alkermes plc
ALLT;Allot Communications Ltd.
ALNY;Alnylam Pharmaceuticals, Inc.
ALOT;Astro
ALTR;Altera Corporation
AMAT;Applied Materials, Inc.
AMBA;Ambarella, Inc.
AMBC;Ambac Financial Group, Inc.
AMCF;Andatee China Marine Fuel Services Corporation
AMCX;AMC Networks Inc.
AMD;Advanced Micro Devices, Inc.
AMED;Amedisys Inc
AMGN;Amgen Inc.
AMKR;Amkor Technology, Inc.
AMPH;Amphastar Pharmaceuticals, Inc.
AMRN;Amarin Corporation plc
AMSC;American Superconductor Corporation
AMSF;AMERISAFE, Inc.
AMTX;Aemetis, Inc
AMWD;American Woodmark Corporation
AMZN;Amazon.com, Inc.
ANDE;The Andersons, Inc.
ANGI;Angie's List, Inc.
ANGO;AngioDynamics, Inc.
ANIK;Anika Therapeutics Inc.
ANIP;ANI Pharmaceuticals, Inc.
ANSS;ANSYS, Inc.
ANTH;Anthera Pharmaceuticals, Inc.
ANY;Sphere 3D Corp
AOSL;Alpha and Omega Semiconductor Limited
APDN;Applied DNA Sciences Inc
APEI;American Public Education, Inc.
APOG;Apogee Enterprises, Inc.
APTO;Aptose Biosciences, Inc.
APWC;Asia Pacific Wire & Cable Corporation Limited
ARAY;Accuray Incorporated
ARCB;ArcBest Corporation
ARCC;Ares Capital Corporation
ARDX;Ardelyx, Inc.
ARIS;ARI Network Services, Inc.
ARKR;Ark Restaurants Corp.
ARLP;Alliance Resource Partners, L.P.
AROW;Arrow Financial Corporation
ARRY;Array BioPharma Inc.
ARTNA;Artesian Resources Corporation
ARTW;Art's
ARWR;Arrowhead Research Corporation
ASMB;Assembly Biosciences, Inc.
ASML;ASML Holding N.V.
ASPS;Altisource Portfolio Solutions S.A.
ASRV;AmeriServ Financial Inc.
ASTC;Astrotech Corporation
ASTE;Astec Industries, Inc.
ASTI;Ascent Solar Technologies, Inc.
ASUR;Asure Software Inc
ASYS;Amtech Systems, Inc.
ATAI;ATA Inc.
ATEC;Alphatec Holdings, Inc.
ATLC;Atlanticus Holdings Corporation
ATLO;Ames National Corporation
ATNI;Atlantic Tele
ATOS;Atossa Genetics Inc.
ATRA;Atara Biotherapeutics, Inc.
ATRC;AtriCure, Inc.
ATRO;Astronics Corporation
ATSG;Air Transport Services Group, Inc
AUBN;Auburn National Bancorporation, Inc.
AUDC;AudioCodes Ltd.
AUPH;Aurinia Pharmaceuticals Inc
AVAV;AeroVironment, Inc.
AVGO;Avago Technologies Limited
AVNW;Aviat Networks, Inc.
AWAY;HomeAway, Inc.
AWRE;Aware, Inc.
AXDX;Accelerate Diagnostics, Inc.
AXGN;AxoGen, Inc.
AXTI;AXT Inc
AZPN;Aspen Technology, Inc.
BANF;BancFirst Corporation
BANFP;BancFirst Corporation
BANR;Banner Corporation
BANX;StoneCastle Financial Corp
BBC;BioShares Biotechnology Clinical Trials Fund
BBGI;Beasley Broadcast Group, Inc.
BBLU;Blue Earth, Inc.
BBP;BioShares Biotechnology Products Fund
BBSI;Barrett Business Services, Inc.
BCBP;BCB Bancorp, Inc. (NJ)
BCLI;Brainstorm Cell Therapeutics Inc.
BCOV;Brightcove Inc.
BCPC;Balchem Corporation
BCRX;BioCryst Pharmaceuticals, Inc.
BEAT;BioTelemetry, Inc.
BEBE;bebe stores, inc.
BECN;Beacon Roofing Supply, Inc.
BELFA;Bel Fuse Inc.
BELFB;Bel Fuse Inc.
BFIN;BankFinancial Corporation
BGFV;Big 5 Sporting Goods Corporation
BGMD;BG Medicine, Inc.
BIB;ProShares Ultra Nasdaq Biotechnology
BIDU;Baidu, Inc.
BIIB;Biogen Idec Inc.
BIOL;Biolase, Inc.
BIS;ProShares UltraShort Nasdaq Biotechnology
BJRI;BJ's Restaurants, Inc.
BKSC;Bank of South Carolina Corp.
BLDP;Ballard Power Systems, Inc.
BLDR;Builders FirstSource, Inc.
BLFS;BioLife Solutions, Inc.
BLIN;Bridgeline Digital, Inc.
BLKB;Blackbaud, Inc.
BLMN;Bloomin' Brands, Inc.
BLRX;BioLineRx Ltd.
BLUE;bluebird bio, Inc.
BMRC;Bank of Marin Bancorp
BMRN;BioMarin Pharmaceutical Inc.
BNDX;Vanguard Total International Bond ETF
BOKF;BOK Financial Corporation
BOOM;Dynamic Materials Corporation
BOSC;B.O.S. Better Online Solutions
BOTJ;Bank of the James Financial Group, Inc.
BPOP;Popular, Inc.
BPOPM;Popular, Inc.
BPTH;Bio
BRID;Bridgford Foods Corporation
BRKL;Brookline Bancorp, Inc.
BRKR;Bruker Corporation
BSET;Bassett Furniture Industries, Incorporated
BSPM;Biostar Pharmaceuticals, Inc.
BSRR;Sierra Bancorp
BUR;Burcon NutraScience Corp
BUSE;First Busey Corporation
BV;Bazaarvoice, Inc.
BWEN;Broadwind Energy, Inc.
BWFG;Bankwell Financial Group, Inc.
BYFC;Broadway Financial Corporation
CA;CA Inc.
CAAS;China Automotive Systems, Inc.
CAC;Camden National Corporation
CACC;Credit Acceptance Corporation
CACH;Cache, Inc.
CAKE;The Cheesecake Factory Incorporated
CALA;Calithera Biosciences, Inc.
CALI;China Auto Logistics Inc.
CALM;Cal
CAMP;CalAmp Corp.
CAMT;Camtek Ltd.
CAPN;Capnia, Inc.
CAR;Avis Budget Group, Inc.
CARA;Cara Therapeutics, Inc.
CART;Carolina Trust Bank
CARV;Carver Bancorp, Inc.
CARZ;First Trust NASDAQ Global Auto Index Fund
CASH;Meta Financial Group, Inc.
CASI;CASI Pharmaceuticals, Inc.
CASS;Cass Information Systems, Inc
CASY;Caseys General Stores, Inc.
CATY;Cathay General Bancorp
CBAN;Colony Bankcorp, Inc.
CBFV;CB Financial Services, Inc.
CBNK;Chicopee Bancorp, Inc.
CBOE;CBOE Holdings, Inc.
CBRL;Cracker Barrel Old Country Store, Inc.
CBSH;Commerce Bancshares, Inc.
CCBG;Capital City Bank Group
CCNE;CNB Financial Corporation
CCOI;Cogent Communications Holdings, Inc.
CCRN;Cross Country Healthcare, Inc.
CCUR;Concurrent Computer Corporation
CDC;Compass EMP U S EQ Income 100 Enhanced Volatility Weighted Fund
CDNA;CareDx, Inc.
CDNS;Cadence Design Systems, Inc.
CDTI;Clean Diesel Technologies, Inc.
CDW;CDW Corporation
CDXS;Codexis, Inc.
CDZI;Cadiz, Inc.
CECO;Career Education Corporation
CENT;Central Garden & Pet Company
CENTA;Central Garden & Pet Company
CENX;Century Aluminum Company
CERS;Cerus Corporation
CEVA;CEVA, Inc.
CFA;Compass EMP US 500 Volatility Weighted Index ETF
CFBK;Central Federal Corporation
CFFI;C&F Financial Corporation
CFFN;Capitol Federal Financial, Inc.
CFNB;California First National Bancorp
CFO;Compass EMP US 500 Enhanced Volatility Weighted Index ETF
CG;The Carlyle Group L.P.
CGEN;Compugen Ltd.
CGNX;Cognex Corporation
CGO;Calamos Global Total Return Fund
CHCI;Comstock Holding Companies, Inc.
CHCO;City Holding Company
CHDN;Churchill Downs, Incorporated
CHEF;The Chefs' Warehouse, Inc.
CHEV;Cheviot Financial Corp
CHI;Calamos Convertible Opportunities and Income Fund
CHKP;Check Point Software Technologies Ltd.
CHMG;Chemung Financial Corp
CHNR;China Natural Resources, Inc.
CHRS;Coherus BioSciences, Inc.
CHRW;C.H. Robinson Worldwide, Inc.
CHSCM;CHS Inc
CHSCN;CHS Inc
CHSCO;CHS Inc
CHSCP;CHS Inc
CHTR;Charter Communications, Inc.
CHW;Calamos Global Dynamic Income Fund
CHY;Calamos Convertible and High Income Fund
CINF;Cincinnati Financial Corporation
CIZN;Citizens Holding Company
CJJD;China Jo
CLDX;Celldex Therapeutics, Inc.
CLFD;Clearfield, Inc.
CLIR;ClearSign Combustion Corporation
CLMT;Calumet Specialty Products Partners, L.P.
CLNE;Clean Energy Fuels Corp.
CLRB;Cellectar Biosciences, Inc.
CLRO;ClearOne, Inc.
CLWT;Euro Tech Holdings Company Limited
CMCO;Columbus McKinnon Corporation
CMCSA;Comcast Corporation
CMCT;CIM Commercial Trust Corporation
CME;CME Group Inc.
CMLS;Cumulus Media Inc.
CMPR;Cimpress N.V
CMRX;Chimerix, Inc.
CMTL;Comtech Telecommunications Corp.
CNET;ChinaNet Online Holdings, Inc.
CNMD;CONMED Corporation
CNOB;ConnectOne Bancorp, Inc.
CNSL;Consolidated Communications Holdings, Inc.
CNTY;Century Casinos, Inc.
COCO;Corinthian Colleges, Inc.
COHR;Coherent, Inc.
COHU;Cohu, Inc.
COKE;Coca
COLB;Columbia Banking System, Inc.
COLM;Columbia Sportswear Company
COMM;CommScope Holding Company, Inc.
COMT;iShares Commodities Select Strategy ETF
CORT;Corcept Therapeutics Incorporated
COST;Costco Wholesale Corporation
CPHC;Canterbury Park Holding Corporation
CPIX;Cumberland Pharmaceuticals Inc.
CPRT;Copart, Inc.
CPRX;Catalyst Pharmaceutical Partners, Inc.
CPSS;Consumer Portfolio Services, Inc.
CPST;Capstone Turbine Corporation
CRAI;CRA International,Inc.
CRDT;WisdomTree Strategic Corporate Bond Fund
CREG;China Recycling Energy Corporation
CRESW;Cresud S.A.C.I.F. y A.
CRESY;Cresud S.A.C.I.F. y A.
CRIS;Curis, Inc.
CRMT;America's Car
CRNT;Ceragon Networks Ltd.
CROX;Crocs, Inc.
CRTO;Criteo S.A.
CRUS;Cirrus Logic, Inc.
CRVL;CorVel Corp.
CRWS;Crown Crafts, Inc.
CSCO;Cisco Systems, Inc.
CSF;Compass EMP U.S. Discovery 500 Enhanced Volatility Weighted Fund
CSGP;CoStar Group, Inc.
CSGS;CSG Systems International, Inc.
CSIQ;Canadian Solar Inc.
CSPI;CSP Inc.
CSQ;Calamos Strategic Total Return Fund
CSTE;CaesarStone Sdot
CSWC;Capital Southwest Corporation
CTAS;Cintas Corporation
CTBI;Community Trust Bancorp, Inc.
CTHR;Charles & Colvard Ltd
CTRE;CareTrust REIT, Inc.
CTRN;Citi Trends, Inc.
CTSH;Cognizant Technology Solutions Corporation
CTSO;Cytosorbents Corporation
CUBA;The Herzfeld Caribbean Basin Fund, Inc.
CUTR;Cutera, Inc.
CVBF;CVB Financial Corporation
CVCO;Cavco Industries, Inc.
CVGI;Commercial Vehicle Group, Inc.
CVGW;Calavo Growers, Inc.
CVLT;CommVault Systems, Inc.
CVV;CVD Equipment Corporation
CWBC;Community West Bancshares
CWCO;Consolidated Water Co. Ltd.
CWST;Casella Waste Systems, Inc.
CYAN;Cyanotech Corporation
CYBR;CyberArk Software Ltd.
CYCC;Cyclacel Pharmaceuticals, Inc.
CYCCP;Cyclacel Pharmaceuticals, Inc.
CYTK;Cytokinetics, Incorporated
CZNC;Citizens & Northern Corp
CZR;Caesars Entertainment Corporation
CZWI;Citizens Community Bancorp, Inc.
DAIO;Data I/O Corporation
DAKT;Daktronics, Inc.
DAVE;Famous Dave's of America, Inc.
DAX;Recon Capital DAX Germany ETF
DBVT;DBV Technologies S.A.
DCOM;Dime Community Bancshares, Inc.
DCTH;Delcath Systems, Inc.
DENN;Denny's Corporation
DERM;Dermira, Inc.
DGICA;Donegal Group, Inc.
DGICB;Donegal Group, Inc.
DGII;Digi International Inc.
DGLY;Digital Ally, Inc.
DGRE;WisdomTree Emerging Markets Dividend Growth Fund
DGRS;WisdomTree U.S. SmallCap Dividend Growth Fund
DGRW;WisdomTree U.S. Dividend Growth Fund
DHIL;Diamond Hill Investment Group, Inc.
DIOD;Diodes Incorporated
DJCO;Daily Journal Corp. (S.C.)
DLHC;DLH Holdings Corp.
DLTR;Dollar Tree, Inc.
DMLP;Dorchester Minerals, L.P.
DMRC;Digimarc Corporation
DORM;Dorman Products, Inc.
DOX;Amdocs Limited
DRIV;Digital River, Inc.
DRRX;DURECT Corporation
DSGX;The Descartes Systems Group Inc.
DSWL;Deswell Industries, Inc.
DVAX;Dynavax Technologies Corporation
DWAT;Arrow DWA Tactical ETF
DWSN;Dawson Geophysical Company
DXCM;DexCom, Inc.
DXJS;WisdomTree Japan Hedged SmallCap Equity Fund
DXLG;Destination XL Group, Inc.
DXPE;DXP Enterprises, Inc.
DXYN;The Dixie Group, Inc.
DYNT;Dynatronics Corporation
DYSL;Dynasil Corporation of America
EA;Electronic Arts Inc.
EBAY;eBay Inc.
EBMT;Eagle Bancorp Montana, Inc.
EBTC;Enterprise Bancorp Inc
ECPG;Encore Capital Group Inc
EDAP;EDAP TMS S.A.
EDUC;Educational Development Corporation
EEFT;Euronet Worldwide, Inc.
EEMA;iShares MSCI Emerging Markets Asia Index Fund
EFOI;Energy Focus, Inc.
EFSC;Enterprise Financial Services Corporation
EGAN;eGain Corporation
EGBN;Eagle Bancorp, Inc.
EGHT;8x8 Inc
EGRX;Eagle Pharmaceuticals, Inc.
EHTH;eHealth, Inc.
ELSE;Electro
ELTK;Eltek Ltd.
EMCB;WisdomTree Emerging Markets Corporate Bond Fund
EMCG;WisdomTree Emerging Markets Consumer Growth Fund
EMIF;iShares S&P Emerging Markets Infrastructure Index Fund
EMITF;Elbit Imaging Ltd.
EMKR;EMCORE Corporation
EML;Eastern Company (The)
EMMS;Emmis Communications Corporation
ENG;ENGlobal Corporation
ENPH;Enphase Energy, Inc.
ENSG;The Ensign Group, Inc.
ENTA;Enanta Pharmaceuticals, Inc.
ENTG;Entegris, Inc.
ENTR;Entropic Communications, Inc.
ENZN;Enzon Pharmaceuticals, Inc.
EQIX;Equinix, Inc.
ERIC;Ericsson
ERIE;Erie Indemnity Company
ERII;Energy Recovery, Inc.
ESCA;Escalade, Incorporated
ESEA;Euroseas Ltd.
ESGR;Enstar Group Limited
ESLT;Elbit Systems Ltd.
ESMC;Escalon Medical Corp.
ESPR;Esperion Therapeutics, Inc.
ESSA;ESSA Bancorp, Inc.
EUFN;iShares MSCI Europe Financials Sector Index Fund
EVLV;EVINE Live Inc.
EVOK;Evoke Pharma, Inc.
EVOL;Evolving Systems, Inc.
EWBC;East West Bancorp, Inc.
EXAS;Exact Sciences Corporation
EXEL;Exelixis, Inc.
EXLS;ExlService Holdings, Inc.
EXPD;Expeditors International of Washington, Inc.
EXPE;Expedia, Inc.
EXPO;Exponent, Inc.
EXTR;Extreme Networks, Inc.
EZPW;EZCORP, Inc.
FALC;FalconStor Software, Inc.
FANG;Diamondback Energy, Inc.
FARM;Farmer Brothers Company
FARO;FARO Technologies, Inc.
FAST;Fastenal Company
FATE;Fate Therapeutics, Inc.
FBIZ;First Business Financial Services, Inc.
FBMS;The First Bancshares, Inc.
FBNC;First Bancorp
FCAP;First Capital, Inc.
FCBC;First Community Bancshares, Inc.
FCCO;First Community Corporation
FCEL;FuelCell Energy, Inc.
FCFS;First Cash Financial Services, Inc.
FCNCA;First Citizens BancShares, Inc.
FDIV;First Trust Strategic Income ETF
FDUS;Fidus Investment Corporation
FEIM;Frequency Electronics, Inc.
FELE;Franklin Electric Co., Inc.
FEMB;First Trust Emerging Markets Local Currency Bond ETF
FEUZ;First Trust Eurozone AlphaDEX ETF
FFBC;First Financial Bancorp.
FFIC;Flushing Financial Corporation
FFIN;First Financial Bankshares, Inc.
FFIV;F5 Networks, Inc.
FFNW;First Financial Northwest, Inc.
FFWM;First Foundation Inc.
FGEN;FibroGen, Inc
FIBK;First Interstate BancSystem, Inc.
FISI;Financial Institutions, Inc.
FISV;Fiserv, Inc.
FITB;Fifth Third Bancorp
FITBI;Fifth Third Bancorp
FIVE;Five Below, Inc.
FIVN;Five9, Inc.
FIZZ;National Beverage Corp.
FLEX;Flextronics International Ltd.
FLIC;The First of Long Island Corporation
FLL;Full House Resorts, Inc.
FLWS;1
FLXS;Flexsteel Industries, Inc.
FMB;First Trust Managed Municipal ETF
FMBH;First Mid
FMNB;Farmers National Banc Corp.
FNLC;First Bancorp, Inc (ME)
FOLD;Amicus Therapeutics, Inc.
FONR;Fonar Corporation
FORD;Forward Industries, Inc.
FORM;FormFactor, Inc.
FORR;Forrester Research, Inc.
FORTY;Formula Systems (1985) Ltd.
FOSL;Fossil Group, Inc.
FOX;Twenty
FOXA;Twenty
FOXF;Fox Factory Holding Corp.
FPXI;First Trust International IPO ETF
FRBA;First Bank
FRME;First Merchants Corporation
FRPH;FRP Holdings, Inc.
FRPT;Freshpet, Inc.
FRSH;Papa Murphy's Holdings, Inc.
FSBW;FS Bancorp, Inc.
FSFG;First Savings Financial Group, Inc.
FSLR;First Solar, Inc.
FSTR;L.B. Foster Company
FTCS;First Trust Capital Strength ETF
FTEK;Fuel Tech, Inc.
FTGC;First Trust Global Tactical Commodity Strategy Fund
FTHI;First Trust High Income ETF
FTLB;First Trust Low Beta Income ETF
FTNT;Fortinet, Inc.
FTSL;First Trust Senior Loan Fund ETF
FTSM;First Trust Enhanced Short Maturity ETF
FULT;Fulton Financial Corporation
FUNC;First United Corporation
FUND;Royce Focus Trust, Inc.
FV;First Trust Dorsey Wright Focus 5 ETF
FWRD;Forward Air Corporation
GABC;German American Bancorp, Inc.
GAIA;Gaiam, Inc.
GAIN;Gladstone Investment Corporation
GALT;Galectin Therapeutics Inc.
GAME;Shanda Games Limited
GASS;StealthGas, Inc.
GBCI;Glacier Bancorp, Inc.
GBDC;Golub Capital BDC, Inc.
GBIM;GlobeImmune, Inc.
GBLI;Global Indemnity plc
GCBC;Greene County Bancorp, Inc.
GENC;Gencor Industries Inc.
GENE;Genetic Technologies Ltd
GEOS;Geospace Technologies Corporation
GERN;Geron Corporation
GEVO;Gevo, Inc.
GGAL;Grupo Financiero Galicia S.A.
GIFI;Gulf Island Fabrication, Inc.
GIGA;Giga
GIGM;GigaMedia Limited
GIII;G
GILD;Gilead Sciences, Inc.
GILT;Gilat Satellite Networks Ltd.
GK;G&K Services, Inc.
GLAD;Gladstone Capital Corporation
GLBS;Globus Maritime Limited
GLBZ;Glen Burnie Bancorp
GLDD;Great Lakes Dredge & Dock Corporation
GLDI;Credit Suisse AG
GLMD;Galmed Pharmaceuticals Ltd.
GLNG;Golar LNG Limited
GLPI;Gaming and Leisure Properties, Inc.
GLRE;Greenlight Reinsurance, Ltd.
GLRI;Glori Energy Inc
GLYC;GlycoMimetics, Inc.
GNMA;iShares Core GNMA Bond ETF
GNTX;Gentex Corporation
GOGO;Gogo Inc.
GOLD;Randgold Resources Limited
GOOD;Gladstone Commercial Corporation
GOODN;Gladstone Commercial Corporation
GOODO;Gladstone Commercial Corporation
GOOG;Google Inc.
GOOGL;Google Inc.
GPOR;Gulfport Energy Corporation
GPRE;Green Plains, Inc.
GPRO;GoPro, Inc.
GRBK;Green Brick Partners, Inc.
GRFS;Grifols, S.A.
GRID;First Trust NASDAQ Clean Edge Smart Grid Infrastructure Index Fund
GRMN;Garmin Ltd.
GROW;U.S. Global Investors, Inc.
GRPN;Groupon, Inc.
GRVY;GRAVITY Co., Ltd.
GSBC;Great Southern Bancorp, Inc.
GSIG;GSI Group, Inc.
GSIT;GSI Technology, Inc.
GSM;Globe Specialty Metals Inc.
GSOL;Global Sources Ltd.
GT;The Goodyear Tire & Rubber Company
GTIM;Good Times Restaurants Inc.
GTLS;Chart Industries, Inc.
GULTU;Gulf Coast Ultra Deep Royalty Trust
GURE;Gulf Resources, Inc.
GYRO;Gyrodyne Company of America, Inc.
HAFC;Hanmi Financial Corporation
HAIN;The Hain Celestial Group, Inc.
HALL;Hallmark Financial Services, Inc.
HALO;Halozyme Therapeutics, Inc.
HART;Harvard Apparatus Regenerative Technology, Inc.
HAS;Hasbro, Inc.
HBAN;Huntington Bancshares Incorporated
HBANP;Huntington Bancshares Incorporated
HBCP;Home Bancorp, Inc.
HBIO;Harvard Bioscience, Inc.
HBNC;Horizon Bancorp (IN)
HCKT;The Hackett Group, Inc.
HCOM;Hawaiian Telcom Holdco, Inc.
HCSG;Healthcare Services Group, Inc.
HDSN;Hudson Technologies, Inc.
HEAR;Turtle Beach Corporation
HEES;H&E Equipment Services, Inc.
HELE;Helen of Troy Limited
HERO;Hercules Offshore, Inc.
HFBL;Home Federal Bancorp, Inc. of Louisiana
HFWA;Heritage Financial Corporation
HIFS;Hingham Institution for Savings
HIHO;Highway Holdings Limited
HIMX;Himax Technologies, Inc.
HLIT;Harmonic Inc.
HMNY;Helios and Matheson Analytics Inc
HMST;HomeStreet, Inc.
HNNA;Hennessy Advisors, Inc.
HNRG;Hallador Energy Company
HOFT;Hooker Furniture Corporation
HOLX;Hologic, Inc.
HOMB;Home BancShares, Inc.
HOVNP;Hovnanian Enterprises Inc
HQY;HealthEquity, Inc.
HRTX;Heron Therapeutics, Inc.
HRZN;Horizon Technology Finance Corporation
HSIC;Henry Schein, Inc.
HSII;Heidrick & Struggles International, Inc.
HSON;Hudson Global, Inc.
HSTM;HealthStream, Inc.
HTBI;HomeTrust Bancshares, Inc.
HTBK;Heritage Commerce Corp
HTHT;China Lodging Group, Limited
HTLD;Heartland Express, Inc.
HTLF;Heartland Financial USA, Inc.
HUBG;Hub Group, Inc.
HURC;Hurco Companies, Inc.
HURN;Huron Consulting Group Inc.
HWAY;Healthways, Inc.
HWBK;Hawthorn Bancshares, Inc.
HWKN;Hawkins, Inc.
HYLS;First Trust High Yield Long/Short ETF
HYZD;WisdomTree BofA Merrill Lynch High Yield Bond Zero Duration Fund
IART;Integra LifeSciences Holdings Corporation
IBB;iShares Nasdaq Biotechnology Index Fund
IBCP;Independent Bank Corporation
IBKR;Interactive Brokers Group, Inc.
IBOC;International Bancshares Corporation
IBTX;Independent Bank Group, Inc
ICAD;icad inc.
ICCC;ImmuCell Corporation
ICFI;ICF International, Inc.
ICLD;InterCloud Systems, Inc
ICLN;iShares S&P Global Clean Energy Index Fund
ICLR;ICON plc
ICON;Iconix Brand Group, Inc.
ICUI;ICU Medical, Inc.
IDCC;InterDigital, Inc.
IDXX;IDEXX Laboratories, Inc.
IEP;Icahn Enterprises L.P.
IESC;Integrated Electrical Services, Inc.
IEUS;iShares MSCI Europe Small
IFGL;iShares FTSE EPRA/NAREIT Global Real Estate ex
IFV;First Trust Dorsey Wright International Focus 5 ETF
IGLD;Internet Gold Golden Lines Ltd.
IGOV;iShares S&P/Citigroup International Treasury Bond Fund
III;Information Services Group, Inc.
IIIN;Insteel Industries, Inc.
ILMN;Illumina, Inc.
IMKTA;Ingles Markets, Incorporated
IMMR;Immersion Corporation
IMOS;ChipMOS TECHNOLOGIES (Bermuda) LTD.
INBK;First Internet Bancorp
INCR;INC Research Holdings, Inc.
INCY;Incyte Corporation
INDB;Independent Bank Corp.
INDY;iShares S&P India Nifty 50 Index Fund
INFA;Informatica Corporation
INFN;Infinera Corporation
INGN;Inogen, Inc
INO;Inovio Pharmaceuticals, Inc.
INOD;Innodata Inc.
INSM;Insmed, Inc.
INTC;Intel Corporation
INTG;The Intergroup Corporation
INTL;INTL FCStone Inc.
INTU;Intuit Inc.
INVE;Identiv, Inc.
IOSP;Innospec Inc.
IPAR;Inter Parfums, Inc.
IPDN;Professional Diversity Network, Inc.
IPGP;IPG Photonics Corporation
IPKW;PowerShares International BuyBack Achievers Portfolio
IPWR;Ideal Power Inc.
IRBT;iRobot Corporation
IRDM;Iridium Communications Inc
IRIX;IRIDEX Corporation
IRMD;iRadimed Corporation
IROQ;IF Bancorp, Inc.
IRWD;Ironwood Pharmaceuticals, Inc.
ISHG;iShares S&P/Citigroup 1
ISRG;Intuitive Surgical, Inc.
ISRL;Isramco, Inc.
ISSC;Innovative Solutions and Support, Inc.
ISTR;Investar Holding Corporation
ITCI;Intra
ITIC;Investors Title Company
ITRI;Itron, Inc.
ITRN;Ituran Location and Control Ltd.
IVAC;Intevac, Inc.
JACK;Jack In The Box Inc.
JAKK;JAKKS Pacific, Inc.
JAZZ;Jazz Pharmaceuticals plc
JBHT;J.B. Hunt Transport Services, Inc.
JBLU;JetBlue Airways Corporation
JBSS;John B. Sanfilippo & Son, Inc.
JCTCF;Jewett
JD;JD.com, Inc.
JIVE;Jive Software, Inc.
JJSF;J & J Snack Foods Corp.
JKHY;Jack Henry & Associates, Inc.
JOUT;Johnson Outdoors Inc.
JRVR;James River Group Holdings, Ltd.
JSM;SLM Corporation
JVA;Coffee Holding Co., Inc.
JYNT;The Joint Corp.
KALU;Kaiser Aluminum Corporation
KCLI;Kansas City Life Insurance Company
KE;Kimball Electronics, Inc.
KELYA;Kelly Services, Inc.
KELYB;Kelly Services, Inc.
KEQU;Kewaunee Scientific Corporation
KFFB;Kentucky First Federal Bancorp
KFRC;Kforce, Inc.
KGJI;Kingold Jewelry Inc.
KINS;Kingstone Companies, Inc
KIRK;Kirkland's, Inc.
KLAC;KLA
KLIC;Kulicke and Soffa Industries, Inc.
KMDA;Kamada Ltd.
KNDI;Kandi Technologies Group, Inc.
KOOL;Cesca Therapeutics Inc.
KOPN;Kopin Corporation
KOSS;Koss Corporation
KPTI;Karyopharm Therapeutics Inc.
KRNY;Kearny Financial
KTCC;Key Tronic Corporation
KTEC;Key Technology, Inc.
KTOS;Kratos Defense & Security Solutions, Inc.
KVHI;KVH Industries, Inc.
KWEB;KraneShares CSI China Internet ETF
LAKE;Lakeland Industries, Inc.
LALT;PowerShares Actively Managed Exchange
LAMR;Lamar Advertising Company
LANC;Lancaster Colony Corporation
LAND;Gladstone Land Corporation
LARK;Landmark Bancorp Inc.
LBRDA;Liberty Broadband Corporation
LBRDK;Liberty Broadband Corporation
LBTYA;Liberty Global plc
LBTYB;Liberty Global plc
LBTYK;Liberty Global plc
LCNB;LCNB Corporation
LCUT;Lifetime Brands, Inc.
LDRH;LDR Holding Corporation
LDRI;PowerShares LadderRite 0
LE;Lands' End, Inc.
LECO;Lincoln Electric Holdings, Inc.
LEDS;SemiLEDS Corporation
LFUS;Littelfuse, Inc.
LFVN;Lifevantage Corporation
LGCY;Legacy Reserves LP
LGIH;LGI Homes, Inc.
LGND;Ligand Pharmaceuticals Incorporated
LINC;Lincoln Educational Services Corporation
LINE;Linn Energy, LLC
LION;Fidelity Southern Corporation
LIVE;LiveDeal, Inc.
LKFN;Lakeland Financial Corporation
LKQ;LKQ Corporation
LMAT;LeMaitre Vascular, Inc.
LMBS;First Trust Low Duration Mortgage Opportunities ETF
LMNR;Limoneira Co
LOAN;Manhattan Bridge Capital, Inc
LOCM;Local Corporation
LOCO;El Pollo Loco Holdings, Inc.
LOGI;Logitech International S.A.
LOPE;Grand Canyon Education, Inc.
LPCN;Lipocine Inc.
LPLA;LPL Financial Holdings Inc.
LPSN;LivePerson, Inc.
LPTH;LightPath Technologies, Inc.
LQDT;Liquidity Services, Inc.
LRCX;Lam Research Corporation
LSBK;Lake Shore Bancorp, Inc.
LSCC;Lattice Semiconductor Corporation
LSTR;Landstar System, Inc.
LTBR;Lightbridge Corporation
LTRE;Learning Tree International, Inc.
LTRPA;Liberty TripAdvisor Holdings, Inc.
LTRPB;Liberty TripAdvisor Holdings, Inc.
LTRX;Lantronix, Inc.
LULU;lululemon athletica inc.
LUNA;Luna Innovations Incorporated
LWAY;Lifeway Foods, Inc.
LXRX;Lexicon Pharmaceuticals, Inc.
LYTS;LSI Industries Inc.
MAG;Magnetek, Inc.
MAGS;Magal Security Systems Ltd.
MANH;Manhattan Associates, Inc.
MAR;Marriott International
MARA;Marathon Patent Group, Inc.
MARK;Remark Media, Inc.
MARPS;Marine Petroleum Trust
MASI;Masimo Corporation
MAT;Mattel, Inc.
MATW;Matthews International Corporation
MAYS;J. W. Mays, Inc.
MBCN;Middlefield Banc Corp.
MBSD;FlexShares Disciplined Duration MBS Index Fund
MBUU;Malibu Boats, Inc.
MBWM;Mercantile Bank Corporation
MCBK;Madison County Financial, Inc.
MCHP;Microchip Technology Incorporated
MCHX;Marchex, Inc.
MCRI;Monarch Casino & Resort, Inc.
MDIV;First Trust Exchange
MDLZ;Mondelez International, Inc.
MDRX;Allscripts Healthcare Solutions, Inc.
MDWD;MediWound Ltd.
MDXG;MiMedx Group, Inc
MEIL;Methes Energies International Ltd
MEIP;MEI Pharma, Inc.
MELI;MercadoLibre, Inc.
MEOH;Methanex Corporation
MERC;Mercer International Inc.
MFI;MicroFinancial Incorporated
MFLX;Multi
MGEE;MGE Energy Inc.
MGIC;Magic Software Enterprises Ltd.
MGNX;MacroGenics, Inc.
MGPI;MGP Ingredients, Inc.
MGRC;McGrath RentCorp
MGYR;Magyar Bancorp, Inc.
MHLD;Maiden Holdings, Ltd.
MIDD;The Middleby Corporation
MIND;Mitcham Industries, Inc.
MITK;Mitek Systems, Inc.
MKSI;MKS Instruments, Inc.
MKTX;MarketAxess Holdings, Inc.
MLAB;Mesa Laboratories, Inc.
MLNK;ModusLink Global Solutions, Inc
MMLP;Martin Midstream Partners L.P.
MMSI;Merit Medical Systems, Inc.
MMYT;MakeMyTrip Limited
MNDO;MIND C.T.I. Ltd.
MNKD;MannKind Corporation
MNOV;MediciNova, Inc.
MNRO;Monro Muffler Brake, Inc.
MNST;Monster Beverage Corporation
MNTX;Manitex International, Inc.
MOFG;MidWestOne Financial Group, Inc.
MOMO;Momo Inc.
MORN;Morningstar, Inc.
MPAA;Motorcar Parts of America, Inc.
MPB;Mid Penn Bancorp
MPWR;Monolithic Power Systems, Inc.
MRCC;Monroe Capital Corporation
MRCY;Mercury Systems Inc
MRGE;Merge Healthcare Incorporated.
MRNS;Marinus Pharmaceuticals, Inc.
MRTN;Marten Transport, Ltd.
MRVL;Marvell Technology Group Ltd.
MSEX;Middlesex Water Company
MSFT;Microsoft Corporation
MSTR;MicroStrategy Incorporated
MTEX;Mannatech, Incorporated
MTLS;Materialise NV
MTRX;Matrix Service Company
MTSI;M/A
MU;Micron Technology, Inc.
MVIS;Microvision, Inc.
MYGN;Myriad Genetics, Inc.
MYRG;MYR Group, Inc.
NAII;Natural Alternatives International, Inc.
NATH;Nathan's Famous, Inc.
NATL;National Interstate Corporation
NATR;Nature's Sunshine Products, Inc.
NAUH;National American University Holdings, Inc.
NAVI;Navient Corporation
NBIX;Neurocrine Biosciences, Inc.
NBN;Northeast Bancorp
NBTB;NBT Bancorp Inc.
NCLH;Norwegian Cruise Line Holdings Ltd.
NCMI;National CineMedia, Inc.
NCTY;The9 Limited
NDAQ;The NASDAQ OMX Group, Inc.
NDLS;Noodles & Company
NDSN;Nordson Corporation
NECB;Northeast Community Bancorp, Inc.
NEO;NeoGenomics, Inc.
NEOG;Neogen Corporation
NEON;Neonode Inc.
NERV;Minerva Neurosciences, Inc
NEWP;Newport Corporation
NEWT;Newtek Business Services Corp.
NFBK;Northfield Bancorp, Inc.
NFLX;Netflix, Inc.
NICE;NICE
NKSH;National Bankshares, Inc.
NKTR;Nektar Therapeutics
NLST;Netlist, Inc.
NMIH;NMI Holdings Inc
NNBR;NN, Inc.
NRIM;Northrim BanCorp Inc
NSIT;Insight Enterprises, Inc.
NSSC;NAPCO Security Technologies, Inc.
NSYS;Nortech Systems Incorporated
NTAP;NetApp, Inc.
NTCT;NetScout Systems, Inc.
NTES;NetEase, Inc.
NTGR;NETGEAR, Inc.
NTIC;Northern Technologies International Corporation
NTRS;Northern Trust Corporation
NTWK;NetSol Technologies Inc.
NURO;NeuroMetrix, Inc.
NVAX;Novavax, Inc.
NVDA;NVIDIA Corporation
NVDQ;Novadaq Technologies Inc
NVEC;NVE Corporation
NVEE;NV5 Holdings, Inc.
NVFY;Nova Lifestyle, Inc
NVMI;Nova Measuring Instruments Ltd.
NWBI;Northwest Bancshares, Inc.
NWBO;Northwest Biotherapeutics, Inc.
NWFL;Norwood Financial Corp.
NWPX;Northwest Pipe Company
NWS;News Corporation
NWSA;News Corporation
NXPI;NXP Semiconductors N.V.
NXST;Nexstar Broadcasting Group, Inc.
NYMT;New York Mortgage Trust, Inc.
OCC;Optical Cable Corporation
OCFC;OceanFirst Financial Corp.
OCUL;Ocular Therapeutix, Inc.
ODFL;Old Dominion Freight Line, Inc.
ODP;Office Depot, Inc.
OFED;Oconee Federal Financial Corp.
OFIX;Orthofix International N.V.
OFLX;Omega Flex, Inc.
OFS;OFS Capital Corporation
OLED;Universal Display Corporation
OMAB;Grupo Aeroportuario del Centro Norte S.A.B. de C.V.
OMCL;Omnicell, Inc.
OMER;Omeros Corporation
OMEX;Odyssey Marine Exploration, Inc.
ONB;Old National Bancorp
ONCY;Oncolytics Biotech, Inc.
ONEQ;Fidelity Nasdaq Composite Index Tracking Stock
OPHC;OptimumBank Holdings, Inc.
OPOF;Old Point Financial Corporation
OPTT;Ocean Power Technologies, Inc.
ORLY;O'Reilly Automotive, Inc.
ORMP;Oramed Pharmaceuticals Inc.
ORRF;Orrstown Financial Services Inc
OSBC;Old Second Bancorp, Inc.
OSIS;OSI Systems, Inc.
OSUR;OraSure Technologies, Inc.
OTEX;Open Text Corporation
OTTR;Otter Tail Corporation
OVBC;Ohio Valley Banc Corp.
OVLY;Oak Valley Bancorp (CA)
OXBR;Oxbridge Re Holdings Limited
OXBRW;Oxbridge Re Holdings Limited
OXLC;Oxford Lane Capital Corp.
OXLCN;Oxford Lane Capital Corp.
OXLCO;Oxford Lane Capital Corp.
OXLCP;Oxford Lane Capital Corp.
PAAS;Pan American Silver Corp.
PACB;Pacific Biosciences of California, Inc.
PAHC;Phibro Animal Health Corporation
PANL;Pangaea Logistics Solutions Ltd.
PATK;Patrick Industries, Inc.
PAYX;Paychex, Inc.
PBHC;Pathfinder Bancorp, Inc.
PBPB;Potbelly Corporation
PCAR;PACCAR Inc.
PCH;Potlatch Corporation
PCRX;Pacira Pharmaceuticals, Inc.
PCTY;Paylocity Holding Corporation
PCYO;Pure Cycle Corporation
PDBC;PowerShares DB Optimum Yield Diversified Commodity Strategy Portfolio
PDCO;Patterson Companies, Inc.
PDEX;Pro
PDFS;PDF Solutions, Inc.
PEBK;Peoples Bancorp of North Carolina, Inc.
PEBO;Peoples Bancorp Inc.
PEGA;Pegasystems Inc.
PENN;Penn National Gaming, Inc.
PERF;Perfumania Holdings, Inc
PERI;Perion Network Ltd
PESI;Perma
PETS;PetMed Express, Inc.
PFBC;Preferred Bank
PFBX;Peoples Financial Corporation
PFIE;Profire Energy, Inc.
PFIS;Peoples Financial Services Corp.
PFLT;PennantPark Floating Rate Capital Ltd.
PFMT;Performant Financial Corporation
PGC;Peapack
PINC;Premier, Inc.
PKBK;Parke Bancorp, Inc.
PKOH;Park
PLAB;Photronics, Inc.
PLAY;Dave & Buster's Entertainment, Inc.
PLBC;Plumas Bancorp
PLCE;Children's Place, Inc. (The)
PLPC;Preformed Line Products Company
PLTM;First Trust ISE Global Platinum Index Fund
PLUG;Plug Power, Inc.
PLUS;ePlus inc.
PLXS;Plexus Corp.
PMD;Psychemedics Corporation
PNBK;Patriot National Bancorp Inc.
PNFP;Pinnacle Financial Partners, Inc.
PNNT;PennantPark Investment Corporation
PNQI;PowerShares Nasdaq Internet Portfolio
PNRG;PrimeEnergy Corporation
PODD;Insulet Corporation
POOL;Pool Corporation
POWI;Power Integrations, Inc.
POWL;Powell Industries, Inc.
PPBI;Pacific Premier Bancorp Inc
PPC;Pilgrim's Pride Corporation
PPSI;Pioneer Power Solutions, Inc.
PRAA;PRA Group, Inc.
PRFZ;PowerShares FTSE RAFI US 1500 Small
PRGS;Progress Software Corporation
PRIM;Primoris Services Corporation
PRKR;ParkerVision, Inc.
PROV;Provident Financial Holdings, Inc.
PRPH;ProPhase Labs, Inc.
PRQR;ProQR Therapeutics N.V.
PRTA;Prothena Corporation plc
PRTS;U.S. Auto Parts Network, Inc.
PSCC;PowerShares S&P SmallCap Consumer Staples Portfolio
PSCD;PowerShares S&P SmallCap Consumer Discretionary Portfolio
PSCE;PowerShares S&P SmallCap Energy Portfolio
PSCF;PowerShares S&P SmallCap Financials Portfolio
PSCH;PowerShares S&P SmallCap Health Care Portfolio
PSCI;PowerShares S&P SmallCap Industrials Portfolio
PSCM;PowerShares S&P SmallCap Materials Portfolio
PSCT;PowerShares S&P SmallCap Information Technology Portfolio
PSCU;PowerShares S&P SmallCap Utilities Portfolio
PSEC;Prospect Capital Corporation
PSIX;Power Solutions International, Inc.
PSMT;PriceSmart, Inc.
PSTR;PostRock Energy Corporation
PTC;PTC Inc.
PTCT;PTC Therapeutics, Inc.
PTEN;Patterson
PTSI;P.A.M. Transportation Services, Inc.
PWOD;Penns Woods Bancorp, Inc.
PXLW;Pixelworks, Inc.
PZZA;Papa John'S International, Inc.
QABA;First Trust NASDAQ ABA Community Bank Index Fund
QAT;iShares MSCI Qatar Capped ETF
QBAK;Qualstar Corporation
QCCO;QC Holdings, Inc.
QCLN;First Trust NASDAQ Clean Edge Green Energy Index Fund
QCOM;QUALCOMM Incorporated
QCRH;QCR Holdings, Inc.
QDEL;Quidel Corporation
QGEN;Qiagen N.V.
QKLS;QKL Stores, Inc.
QLTI;QLT Inc.
QLTY;Quality Distribution, Inc.
QLYS;Qualys, Inc.
QNST;QuinStreet, Inc.
QQEW;First Trust NASDAQ
QQQ;PowerShares QQQ Trust, Series 1
QQQX;Nuveen NASDAQ 100 Dynamic Overwrite Fund
QQXT;First Trust NASDAQ
QRHC;Quest Resource Holding Corporation.
QRVO;Qorvo, Inc.
QTEC;First Trust NASDAQ
QUIK;QuickLogic Corporation
QURE;uniQure N.V.
QYLD;Recon Capital NASDAQ
RAIL;Freightcar America, Inc.
RAND;Rand Capital Corporation
RARE;Ultragenyx Pharmaceutical Inc.
RAVE;Rave Restaurant Group, Inc.
RBCAA;Republic Bancorp, Inc.
RBCN;Rubicon Technology, Inc.
RCKY;Rocky Brands, Inc.
RCMT;RCM Technologies, Inc.
RCON;Recon Technology, Ltd.
RDCM;Radcom Ltd.
RDHL;Redhill Biopharma Ltd.
RDI;Reading International Inc
RDIB;Reading International Inc
RDNT;RadNet, Inc.
RDUS;Radius Health, Inc.
RDVY;First Trust NASDAQ Rising Dividend Achievers ETF
RDWR;Radware Ltd.
REFR;Research Frontiers Incorporated
REGN;Regeneron Pharmaceuticals, Inc.
RELL;Richardson Electronics, Ltd.
RELV;Reliv' International, Inc.
RENT;Rentrak Corporation
RFIL;RF Industries, Ltd.
RGCO;RGC Resources Inc.
RGEN;Repligen Corporation
RGLD;Royal Gold, Inc.
RGLS;Regulus Therapeutics Inc.
RIBT;RiceBran Technologies
RICK;RCI Hospitality Holdings, Inc.
RIGL;Rigel Pharmaceuticals, Inc.
RITT;RIT Technologies Ltd.
RMBS;Rambus, Inc.
RMCF;Rocky Mountain Chocolate Factory, Inc.
RMTI;Rockwell Medical, Inc.
RNA;Prosensa Holding N.V.
RNST;Renasant Corporation
ROBO;Robo
ROCK;Gibraltar Industries, Inc.
ROIC;Retail Opportunity Investments Corp.
ROST;Ross Stores, Inc.
ROYL;Royale Energy, Inc.
RPRX;Repros Therapeutics Inc.
RRGB;Red Robin Gourmet Burgers, Inc.
RUSHA;Rush Enterprises, Inc.
RUSHB;Rush Enterprises, Inc.
RVNC;Revance Therapeutics, Inc.
RVSB;Riverview Bancorp Inc
RYAAY;Ryanair Holdings plc
SABR;Sabre Corporation
SAFT;Safety Insurance Group, Inc.
SAGE;Sage Therapeutics, Inc.
SAIA;Saia, Inc.
SALM;Salem Communications Corporation
SAMG;Silvercrest Asset Management Group Inc.
SANM;Sanmina Corporation
SANW;S&W Seed Company
SASR;Sandy Spring Bancorp, Inc.
SATS;EchoStar Corporation
SAVE;Spirit Airlines, Inc.
SBAC;SBA Communications Corporation
SBCF;Seacoast Banking Corporation of Florida
SBFG;SB Financial Group, Inc.
SBGI;Sinclair Broadcast Group, Inc.
SBLK;Star Bulk Carriers Corp.
SBNY;Signature Bank
SBRA;Sabra Healthcare REIT, Inc.
SBSI;Southside Bancshares, Inc.
SBUX;Starbucks Corporation
SCHL;Scholastic Corporation
SCOR;comScore, Inc.
SCSC;ScanSource, Inc.
SCVL;Shoe Carnival, Inc.
SCYX;SCYNEXIS, Inc.
SEAC;SeaChange International, Inc.
SEED;Origin Agritech Limited
SEIC;SEI Investments Company
SEMI;SunEdison Semiconductor Limited
SENEA;Seneca Foods Corp.
SENEB;Seneca Foods Corp.
SEV;Sevcon, Inc.
SFBC;Sound Financial Bancorp, Inc.
SFBS;ServisFirst Bancshares, Inc.
SFM;Sprouts Farmers Market, Inc.
SFNC;Simmons First National Corporation
SFST;Southern First Bancshares, Inc.
SGC;Superior Uniform Group, Inc.
SGMA;SigmaTron International, Inc.
SGMO;Sangamo BioSciences, Inc.
SGRP;SPAR Group, Inc.
SHBI;Shore Bancshares Inc
SHEN;Shenandoah Telecommunications Co
SHIP;Seanergy Maritime Holdings Corp
SHLD;Sears Holdings Corporation
SHOO;Steven Madden, Ltd.
SIEB;Siebert Financial Corp.
SIFI;SI Financial Group, Inc.
SIFY;Sify Technologies Limited
SIGA;SIGA Technologies Inc.
SIGI;Selective Insurance Group, Inc.
SILC;Silicom Ltd
SIMO;Silicon Motion Technology Corporation
SIRI;Sirius XM Holdings Inc.
SIXD;6D Global Technologies, Inc.
SKOR;FlexShares Credit
SKYW;SkyWest, Inc.
SKYY;First Trust ISE Cloud Computing Index Fund
SLAB;Silicon Laboratories, Inc.
SLGN;Silgan Holdings Inc.
SLM;SLM Corporation
SLMBP;SLM Corporation
SLP;Simulations Plus, Inc.
SLRC;Solar Capital Ltd.
SLVO;Credit Suisse AG
SMBC;Southern Missouri Bancorp, Inc.
SMCI;Super Micro Computer, Inc.
SMIT;Schmitt Industries, Inc.
SMLR;Semler Scientific, Inc.
SMPL;Simplicity Bancorp Inc.
SMRT;Stein Mart, Inc.
SMSI;Smith Micro Software, Inc.
SMTC;Semtech Corporation
SNCR;Synchronoss Technologies, Inc.
SNFCA;Security National Financial Corporation
SNPS;Synopsys, Inc.
SOCL;Global X Social Media Index ETF
SOFO;Sonic Foundry, Inc.
SOHO;Sotherly Hotels Inc.
SOHU;Sohu.com Inc.
SOXX;iShares PHLX SOX Semiconductor Sector Index Fund
SPCB;SuperCom, Ltd.
SPDC;Speed Commerce, Inc.
SPNS;Sapiens International Corporation N.V.
SPOK;Spok Holdings, Inc.
SPRO;SmartPros Ltd.
SPSC;SPS Commerce, Inc.
SPTN;SpartanNash Company
SPWH;Sportsman's Warehouse Holdings, Inc.
SQQQ;ProShares UltraPro Short QQQ
SRCE;1st Source Corporation
SRDX;SurModics, Inc.
SRNE;Sorrento Therapeutics, Inc.
SRPT;Sarepta Therapeutics, Inc.
SSB;South State Corporation
SSBI;Summit State Bank
SSNC;SS&C Technologies Holdings, Inc.
SSYS;Stratasys, Ltd.
STAA;STAAR Surgical Company
STBA;S&T Bancorp, Inc.
STEM;StemCells, Inc.
STKL;SunOpta, Inc.
STLD;Steel Dynamics, Inc.
STLY;Stanley Furniture Company, Inc.
STRA;Strayer Education, Inc.
STRL;Sterling Construction Company Inc
STRM;Streamline Health Solutions, Inc.
STRS;Stratus Properties, Inc.
STRT;Strattec Security Corporation
STX;Seagate Technology.
STXS;Stereotaxis, Inc.
SUNS;Solar Senior Capital Ltd.
SUPN;Supernus Pharmaceuticals, Inc.
SURG;Synergetics USA, Inc.
SVA;Sinovac Biotech, Ltd.
SVVC;Firsthand Technology Value Fund, Inc.
SWKS;Skyworks Solutions, Inc.
SYBT;Stock Yards Bancorp, Inc.
SYNA;Synaptics Incorporated
SYPR;Sypris Solutions, Inc.
TACT;TransAct Technologies Incorporated
TAIT;Taitron Components Incorporated
TATT;TAT Technologies Ltd.
TAYD;Taylor Devices, Inc.
TBBK;The Bancorp, Inc.
TBIO;Transgenomic, Inc.
TBNK;Territorial Bancorp Inc.
TBPH;Theravance Biopharma, Inc.
TCBI;Texas Capital Bancshares, Inc.
TCBK;TriCo Bancshares
TCCO;Technical Communications Corporation
TCPC;TCP Capital Corp.
TCX;Tucows Inc.
TDIV;First Trust Exchange
TECH;Bio
TENX;Tenax Therapeutics, Inc.
TFSL;TFS Financial Corporation
TGEN;Tecogen Inc.
TGLS;Tecnoglass Inc.
TGTX;TG Therapeutics, Inc.
THFF;First Financial Corporation Indiana
THRM;Gentherm Inc
TIGR;TigerLogic Corporation
TILE;Interface, Inc.
TINY;Harris & Harris Group, Inc.
TIPT;Tiptree Financial Inc.
TITN;Titan Machinery Inc.
TLF;Tandy Leather Factory, Inc.
TLOG;TetraLogic Pharmaceuticals Corporation
TNDM;Tandem Diabetes Care, Inc.
TNXP;Tonix Pharmaceuticals Holding Corp.
TOPS;TOP Ships Inc.
TORM;TOR Minerals International Inc
TOUR;Tuniu Corporation
TOWN;Towne Bank
TQQQ;ProShares UltraPro QQQ
TRAK;Dealertrack Technologies, Inc.
TREE;LendingTree, Inc.
TRIB;Trinity Biotech plc
TRIP;TripAdvisor, Inc.
TRMB;Trimble Navigation Limited
TRMK;Trustmark Corporation
TRNS;Transcat, Inc.
TROW;T. Rowe Price Group, Inc.
TRS;TriMas Corporation
TRST;TrustCo Bank Corp NY
TRUE;TrueCar, Inc.
TRVN;Trevena, Inc.
TSBK;Timberland Bancorp, Inc.
TSCO;Tractor Supply Company
TSEM;Tower Semiconductor Ltd.
TSLA;Tesla Motors, Inc.
TTEC;TeleTech Holdings, Inc.
TTEK;Tetra Tech, Inc.
TTGT;TechTarget, Inc.
TTMI;TTM Technologies, Inc.
TTOO;T2 Biosystems, Inc.
TTWO;Take
TUSA;First Trust Total US Market AlphaDEX ETF
TWER;Towerstream Corporation
TWIN;Twin Disc, Incorporated
TXN;Texas Instruments Incorporated
TXRH;Texas Roadhouse, Inc.
TZOO;Travelzoo Inc.
UAE;iShares MSCI UAE Capped ETF
UBCP;United Bancorp, Inc.
UBFO;United Security Bancshares
UBOH;United Bancshares, Inc.
UBSI;United Bankshares, Inc.
UCTT;Ultra Clean Holdings, Inc.
UEIC;Universal Electronics Inc.
UFCS;United Fire Group, Inc
UFPI;Universal Forest Products, Inc.
UFPT;UFP Technologies, Inc.
UG;United
UHAL;Amerco
ULBI;Ultralife Corporation
ULTA;Ulta Salon, Cosmetics & Fragrance, Inc.
UMBF;UMB Financial Corporation
UNAM;Unico American Corporation
UNB;Union Bankshares, Inc.
UNFI;United Natural Foods, Inc.
UNTY;Unity Bancorp, Inc.
UPLD;Upland Software, Inc.
URBN;Urban Outfitters, Inc.
USAP;Universal Stainless & Alloy Products, Inc.
USEG;U.S. Energy Corp.
USLM;United States Lime & Minerals, Inc.
UTHR;United Therapeutics Corporation
UTMD;Utah Medical Products, Inc.
UTSI;UTStarcom Holdings Corp
UVSP;Univest Corporation of Pennsylvania
VALU;Value Line, Inc.
VBFC;Village Bank and Trust Financial Corp.
VBND;Vident Core U.S. Bond Strategy Fund
VBTX;Veritex Holdings, Inc.
VCEL;Vericel Corporation
VCIT;Vanguard Intermediate
VCLT;Vanguard Long
VCSH;Vanguard Short
VCYT;Veracyte, Inc.
VECO;Veeco Instruments Inc.
VGIT;Vanguard Intermediate
VGLT;Vanguard Long
VGSH;Vanguard Short
VICR;Vicor Corporation
VIDE;Video Display Corporation
VIDI;Vident International Equity Fund
VIRC;Virco Manufacturing Corporation
VLGEA;Village Super Market, Inc.
VMBS;Vanguard Mortgage
VNDA;Vanda Pharmaceuticals Inc.
VNET;21Vianet Group, Inc.
VNOM;Viper Energy Partners LP
VNQI;Vanguard Global ex
VOD;Vodafone Group Plc
VONE;Vanguard Russell 1000 ETF
VONG;Vanguard Russell 1000 Growth ETF
VONV;Vanguard Russell 1000 Value ETF
VOXX;VOXX International Corporation
VRA;Vera Bradley, Inc.
VRNS;Varonis Systems, Inc.
VRNT;Verint Systems Inc.
VRSK;Verisk Analytics, Inc.
VRSN;VeriSign, Inc.
VRTS;Virtus Investment Partners, Inc.
VRTX;Vertex Pharmaceuticals Incorporated
VSAT;ViaSat, Inc.
VSEC;VSE Corporation
VSTM;Verastem, Inc.
VTHR;Vanguard Russell 3000 ETF
VTIP;Vanguard Short
VTNR;Vertex Energy, Inc
VTWG;Vanguard Russell 2000 Growth ETF
VTWO;Vanguard Russell 2000 ETF
VTWV;Vanguard Russell 2000 Value ETF
VUSE;Vident Core US Equity ETF
VWOB;Vanguard Emerging Markets Government Bond ETF
VXUS;Vanguard Total International Stock ETF
WABC;Westamerica Bancorporation
WAFD;Washington Federal, Inc.
WASH;Washington Trust Bancorp, Inc.
WATT;Energous Corporation
WB;Weibo Corporation
WBA;Walgreens Boots Alliance, Inc.
WDC;Western Digital Corporation
WDFC;WD
WEN;Wendy's Company (The)
WERN;Werner Enterprises, Inc.
WEYS;Weyco Group, Inc.
WHF;WhiteHorse Finance, Inc.
WHLM;Wilhelmina International, Inc.
WHLR;Wheeler Real Estate Investment Trust, Inc.
WHLRP;Wheeler Real Estate Investment Trust, Inc.
WILC;G. Willi
WINA;Winmark Corporation
WIX;Wix.com Ltd.
WLDN;Willdan Group, Inc.
WLFC;Willis Lease Finance Corporation
WOOD;iShares S&P Global Timber & Forestry Index Fund
WOOF;VCA Inc.
WPRT;Westport Innovations Inc
WRLD;World Acceptance Corporation
WSBC;WesBanco, Inc.
WSBF;Waterstone Financial, Inc.
WSFS;WSFS Financial Corporation
WSTL;Westell Technologies, Inc.
WTBA;West Bancorporation
WTFC;Wintrust Financial Corporation
WVFC;WVS Financial Corp.
WVVI;Willamette Valley Vineyards, Inc.
WWD;Woodward, Inc.
WYNN;Wynn Resorts, Limited
XENE;Xenon Pharmaceuticals Inc.
XNCR;Xencor, Inc.
XNET;Xunlei Limited
XOMA;XOMA Corporation
XONE;The ExOne Company
XRAY;DENTSPLY International Inc.
XTLB;XTL Biopharmaceuticals Ltd.
YORW;The York Water Company
YY;YY Inc.
Z;Zillow, Inc.
ZAZA;ZaZa Energy Corporation
ZBRA;Zebra Technologies Corporation
ZEUS;Olympic Steel, Inc.
ZION;Zions Bancorporation
ZUMZ;Zumiez Inc.
